dit,amc,bug
1,2.12962963,False
4,105.5,True
4,41.0,False
2,6.5,False
4,129.0,True
1,45.2,False
2,84.42857143,True
4,21.0,False
2,12.71428571,False
4,66.0,True
3,43.33333333,False
2,17.375,False
2,12.71428571,False
2,49.16666667,False
3,26.5,False
4,23.0,True
1,2.086956522,False
1,22.66666667,False
4,30.5,False
1,2.055555556,False
3,3.0,False
4,23.0,False
1,29.0,False
2,21.4,False
4,25.0,True
1,10.5,False
3,55.28571429,False
