,Voting,RandomForest,AdaBoost
Precision,0.5963855421686747,0.5476190476190477,0.5844155844155844
Recall,0.5963855421686747,0.5542168674698795,0.5421686746987951
Auc_Score,0.8195372162224025,0.7999615040472772,0.8261335497430135
Accuracy,0.8201342281879195,0.7986577181208053,0.8120805369127517
F_Measure,0.5963855421686747,0.5508982035928144,0.5625
GMean,0.5963855421686747,0.5509080804800992,0.5628959254390808
