,Voting,RandomForest,AdaBoost
Precision,0.325,0.3548387096774194,0.23076923076923078
Recall,0.48148148148148145,0.4074074074074074,0.2222222222222222
Auc_Score,0.7539810341742709,0.7135444623367329,0.7282161388441583
Accuracy,0.8247863247863247,0.8461538461538461,0.8247863247863247
F_Measure,0.3880597014925373,0.3793103448275862,0.22641509433962265
GMean,0.39557740264262,0.3802156214011559,0.22645540682891915
