,Voting,RandomForest,AdaBoost
Precision,0.358695652173913,0.4,0.4180327868852459
Recall,0.35106382978723405,0.2978723404255319,0.2712765957446808
Auc_Score,0.6962334675100632,0.6908321695555737,0.7158260083791999
Accuracy,0.7512953367875648,0.7761658031088083,0.7844559585492228
F_Measure,0.3548387096774194,0.34146341463414637,0.3290322580645161
GMean,0.3548592247359557,0.34517957090507656,0.3367528935820614
