,Voting,RandomForest,AdaBoost
Precision,0.2727272727272727,0.2,0.23076923076923078
Recall,0.6,0.4,0.6
Auc_Score,0.8576271186440678,0.8,0.7610169491525425
Accuracy,0.84375,0.828125,0.8125
F_Measure,0.37499999999999994,0.26666666666666666,0.33333333333333337
GMean,0.4045199174779452,0.28284271247461906,0.3721042037676254
