,Voting,RandomForest,AdaBoost
Precision,0.42857142857142855,0.5,0.5
Recall,0.75,0.75,0.75
Auc_Score,0.8913043478260869,0.8152173913043479,0.7391304347826088
Accuracy,0.8148148148148148,0.8518518518518519,0.8518518518518519
F_Measure,0.5454545454545454,0.6,0.6
GMean,0.5669467095138409,0.6123724356957945,0.6123724356957945
