,Voting,RandomForest,AdaBoost
Precision,0.3684210526315789,0.37142857142857144,0.47058823529411764
Recall,0.525,0.325,0.4
Auc_Score,0.7854166666666665,0.8051282051282052,0.7937900641025641
Accuracy,0.84375,0.8607954545454546,0.8806818181818182
F_Measure,0.4329896907216495,0.3466666666666667,0.4324324324324324
GMean,0.43979660370628026,0.3474396144861517,0.4338609156373123
