,Voting,RandomForest,AdaBoost
Precision,0.09259259259259259,0.10294117647058823,0.10810810810810811
Recall,0.45454545454545453,0.6363636363636364,0.7272727272727273
Auc_Score,0.8333963333963335,0.7424872424872424,0.7636552636552637
Accuracy,0.8882113821138211,0.8678861788617886,0.8597560975609756
F_Measure,0.15384615384615383,0.17721518987341772,0.18823529411764708
GMean,0.20515248496555455,0.25594534844449573,0.28039985489311264
