,Voting,RandomForest,AdaBoost
Precision,0.375,0.5714285714285714,0.6
Recall,0.5,0.6666666666666666,0.5
Auc_Score,0.8253968253968254,0.8095238095238095,0.8492063492063492
Accuracy,0.7037037037037037,0.8148148148148148,0.8148148148148148
F_Measure,0.42857142857142855,0.6153846153846153,0.5454545454545454
GMean,0.4330127018922193,0.6172133998483676,0.5477225575051661
