,Voting,RandomForest,AdaBoost
Precision,0.9699248120300752,0.9302325581395349,0.9298245614035088
Recall,0.6825396825396826,0.8465608465608465,0.8412698412698413
Auc_Score,0.7423941798941799,0.65244708994709,0.6435185185185185
Accuracy,0.6878048780487804,0.8,0.7951219512195122
F_Measure,0.8012422360248447,0.8864265927977839,0.8833333333333334
GMean,0.8136413050542411,0.8874111008529624,0.8844395746351074
