,Voting,RandomForest,AdaBoost
Precision,0.8095238095238095,0.7602040816326531,0.795
Recall,0.5862068965517241,0.7339901477832512,0.7832512315270936
Auc_Score,0.7669267556003021,0.7658480457372983,0.8052209557369386
Accuracy,0.6705882352941176,0.7029411764705882,0.75
F_Measure,0.68,0.7468671679197996,0.7890818858560794
GMean,0.6888747637021416,0.7469821324656848,0.7891037505068896
