,Voting,RandomForest,AdaBoost
Precision,0.6,0.7777777777777778,0.7
Recall,0.6,0.7,0.7
Auc_Score,0.8823529411764706,0.8705882352941177,0.861764705882353
Accuracy,0.7037037037037037,0.8148148148148148,0.7777777777777778
F_Measure,0.6,0.7368421052631577,0.7
GMean,0.6,0.7378647873726218,0.7
