,Voting,RandomForest,AdaBoost
Precision,0.8333333333333334,1.0,0.9333333333333333
Recall,0.6666666666666666,0.8,0.9333333333333333
Auc_Score,0.9074074074074074,0.9722222222222222,0.9925925925925926
Accuracy,0.7878787878787878,0.9090909090909091,0.9393939393939394
F_Measure,0.7407407407407408,0.888888888888889,0.9333333333333333
GMean,0.7453559924999299,0.8944271909999159,0.9333333333333333
