,Voting,RandomForest,AdaBoost
Precision,0.8538812785388128,0.8663594470046083,0.8385826771653543
Recall,0.7540322580645161,0.7580645161290323,0.8588709677419355
Auc_Score,0.8436249117023782,0.8807982105015305,0.8777666588179891
Accuracy,0.7584415584415585,0.7688311688311689,0.8025974025974026
F_Measure,0.8008565310492507,0.8086021505376345,0.848605577689243
GMean,0.8024051523860232,0.8104050561215449,0.8486661979062385
