,Voting,RandomForest,AdaBoost
Precision,0.25688073394495414,0.2736842105263158,0.313953488372093
Recall,0.42424242424242425,0.3939393939393939,0.4090909090909091
Auc_Score,0.7364172023262933,0.7001453933272115,0.6864478114478114
Accuracy,0.8196969696969697,0.8348484848484848,0.8515151515151516
F_Measure,0.32,0.32298136645962733,0.3552631578947369
GMean,0.330120743531788,0.3283519331837691,0.3583790144112818
