,Voting,RandomForest,AdaBoost
Precision,0.32432432432432434,0.2727272727272727,0.3235294117647059
Recall,0.4444444444444444,0.4444444444444444,0.4074074074074074
Auc_Score,0.7449664429530202,0.6803380561769824,0.6716380810340542
Accuracy,0.7727272727272727,0.7329545454545454,0.7784090909090909
F_Measure,0.375,0.3380281690140845,0.36065573770491804
GMean,0.3796631983009996,0.34815531191139565,0.36305409909144726
