,Voting,RandomForest,AdaBoost
Precision,0.5,0.625,0.6
Recall,0.6666666666666666,0.5555555555555556,0.6666666666666666
Auc_Score,0.882716049382716,0.816358024691358,0.8595679012345678
Accuracy,0.8,0.8444444444444444,0.8444444444444444
F_Measure,0.5714285714285715,0.5882352941176471,0.631578947368421
GMean,0.5773502691896257,0.5892556509887896,0.6324555320336759
