,Voting,RandomForest,AdaBoost
Precision,0.375,0.2,0.36363636363636365
Recall,0.6666666666666666,0.2222222222222222,0.4444444444444444
Auc_Score,0.7561728395061728,0.7330246913580247,0.7469135802469136
Accuracy,0.7111111111111111,0.6666666666666666,0.7333333333333333
F_Measure,0.4800000000000001,0.2105263157894737,0.39999999999999997
GMean,0.5,0.21081851067789195,0.40201512610368484
