,Voting,RandomForest,AdaBoost
Precision,0.7333333333333333,0.7857142857142857,0.8333333333333334
Recall,0.9166666666666666,0.9166666666666666,0.8333333333333334
Auc_Score,0.8541666666666666,0.90625,0.8072916666666665
Accuracy,0.75,0.8,0.8
F_Measure,0.8148148148148148,0.8461538461538461,0.8333333333333334
GMean,0.8198915917499229,0.8486684247915055,0.8333333333333334
