,Voting,RandomForest,AdaBoost
Precision,0.6428571428571429,0.6296296296296297,0.6235294117647059
Recall,0.627906976744186,0.5930232558139535,0.6162790697674418
Auc_Score,0.8002051983584132,0.7795827633378932,0.7963064295485636
Accuracy,0.7578125,0.74609375,0.74609375
F_Measure,0.6352941176470588,0.6107784431137725,0.6198830409356725
GMean,0.6353380872022658,0.611052381486151,0.6198936407602462
