,Voting,RandomForest,AdaBoost
Precision,0.375,0.2857142857142857,0.1875
Recall,0.3333333333333333,0.4444444444444444,0.3333333333333333
Auc_Score,0.7400793650793651,0.615079365079365,0.5575396825396826
Accuracy,0.8307692307692308,0.7692307692307693,0.7076923076923077
F_Measure,0.35294117647058826,0.34782608695652173,0.24000000000000005
GMean,0.3535533905932738,0.3563483225498992,0.25
