,Voting,RandomForest,AdaBoost
Precision,0.6666666666666666,0.625,0.5454545454545454
Recall,0.6153846153846154,0.7692307692307693,0.46153846153846156
Auc_Score,0.8673740053050398,0.8474801061007958,0.8116710875331565
Accuracy,0.7857142857142857,0.7857142857142857,0.7142857142857143
F_Measure,0.64,0.6896551724137931,0.4999999999999999
GMean,0.6405126152203485,0.6933752452815364,0.5017452060042544
