,Voting,RandomForest,AdaBoost
Precision,0.3161764705882353,0.2692307692307692,0.27
Recall,0.5584415584415584,0.36363636363636365,0.35064935064935066
Auc_Score,0.8023679265676704,0.7792041505229725,0.765685019206146
Accuracy,0.8519813519813519,0.8543123543123543,0.8566433566433567
F_Measure,0.4037558685446009,0.30939226519337015,0.30508474576271183
GMean,0.420197668934331,0.3128931093873719,0.3076935564410225
