,Voting,RandomForest,AdaBoost
Precision,0.6470588235294118,0.6027397260273972,0.6029411764705882
Recall,0.5641025641025641,0.5641025641025641,0.5256410256410257
Auc_Score,0.7961453557480048,0.7561555442350145,0.7665138393615214
Accuracy,0.7467248908296943,0.7248908296943232,0.7205240174672489
F_Measure,0.6027397260273972,0.5827814569536424,0.5616438356164384
GMean,0.6041585400191988,0.5831012132885094,0.562965912290617
