,Voting,RandomForest,AdaBoost
Precision,0.4666666666666667,0.4,0.375
Recall,0.35,0.3,0.3
Auc_Score,0.46842105263157896,0.4697368421052632,0.4421052631578948
Accuracy,0.46153846153846156,0.41025641025641024,0.38461538461538464
F_Measure,0.4,0.34285714285714286,0.33333333333333326
GMean,0.40414518843273806,0.34641016151377546,0.33541019662496846
