,Voting,RandomForest,AdaBoost
Precision,0.9230769230769231,0.9166666666666666,0.9090909090909091
Recall,1.0,0.9166666666666666,0.8333333333333334
Auc_Score,0.9305555555555556,0.8402777777777778,0.8541666666666667
Accuracy,0.9444444444444444,0.8888888888888888,0.8333333333333334
F_Measure,0.9600000000000001,0.9166666666666666,0.8695652173913043
GMean,0.9607689228305228,0.9166666666666666,0.8703882797784892
