,Voting,RandomForest,AdaBoost
Precision,0.9965635738831615,0.9966024915062288,0.996606334841629
Recall,0.9688195991091314,0.9799554565701559,0.9810690423162584
Auc_Score,0.9438651548896537,0.8480967807248432,0.893045150840251
Accuracy,0.9658965896589659,0.976897689768977,0.977997799779978
F_Measure,0.9824957651044607,0.9882088714205504,0.9887766554433222
GMean,0.9825936709221404,0.9882439221077666,0.9888071715402318
