,Voting,RandomForest,AdaBoost
Precision,0.9236842105263158,0.9479905437352246,0.9462616822429907
Recall,0.8032036613272311,0.9176201372997712,0.9267734553775744
Auc_Score,0.9110127752436087,0.9193098640641337,0.9012835861609104
Accuracy,0.8044217687074829,0.9013605442176871,0.9064625850340136
F_Measure,0.8592411260709915,0.9325581395348838,0.9364161849710984
GMean,0.8613399676114477,0.9326817318363223,0.9364668755186875
