,Voting,RandomForest,AdaBoost
Precision,0.8461538461538461,0.7692307692307693,0.8461538461538461
Recall,0.8461538461538461,0.7692307692307693,0.8461538461538461
Auc_Score,0.8894230769230769,0.8798076923076923,0.889423076923077
Accuracy,0.8620689655172413,0.7931034482758621,0.8620689655172413
F_Measure,0.8461538461538461,0.7692307692307693,0.8461538461538461
GMean,0.8461538461538461,0.7692307692307693,0.8461538461538461
