,Voting,RandomForest,AdaBoost
Precision,0.6363636363636364,0.6138613861386139,0.6299212598425197
Recall,0.42168674698795183,0.37349397590361444,0.4819277108433735
Auc_Score,0.8102877832573818,0.7894323407620119,0.8259566764467196
Accuracy,0.8174496644295302,0.8080536912751678,0.8214765100671141
F_Measure,0.5072463768115942,0.46441947565543074,0.5460750853242321
GMean,0.5180213429190015,0.4788251557328779,0.5509777770178026
