,Voting,RandomForest,AdaBoost
Precision,0.3125,0.4,0.23529411764705882
Recall,0.18518518518518517,0.2962962962962963,0.14814814814814814
Auc_Score,0.7359098228663445,0.6996779388083736,0.7802826981570942
Accuracy,0.8589743589743589,0.8675213675213675,0.8461538461538461
F_Measure,0.2325581395348837,0.3404255319148936,0.1818181818181818
GMean,0.24056261216234406,0.34426518632954817,0.18670401120373464
