,Voting,RandomForest,AdaBoost
Precision,0.5818181818181818,0.41333333333333333,0.42574257425742573
Recall,0.1702127659574468,0.16489361702127658,0.22872340425531915
Auc_Score,0.7035447301404749,0.6732933541444179,0.7075084202743778
Accuracy,0.8145077720207254,0.7917098445595855,0.7896373056994819
F_Measure,0.26337448559670784,0.23574144486692014,0.2975778546712803
GMean,0.31469490305946396,0.26106709553062085,0.3120533462736483
