,Voting,RandomForest,AdaBoost
Precision,0.5,0.3333333333333333,0.5
Recall,0.6,0.2,0.4
Auc_Score,0.8542372881355932,0.9406779661016949,0.9169491525423729
Accuracy,0.921875,0.90625,0.921875
F_Measure,0.5454545454545454,0.25,0.4444444444444445
GMean,0.5477225575051661,0.2581988897471611,0.4472135954999579
