,Voting,RandomForest,AdaBoost
Precision,0.46153846153846156,0.5294117647058824,0.4583333333333333
Recall,0.3,0.225,0.275
Auc_Score,0.7764423076923076,0.7450320512820512,0.8173878205128204
Accuracy,0.8806818181818182,0.8892045454545454,0.8806818181818182
F_Measure,0.3636363636363637,0.31578947368421056,0.34374999999999994
GMean,0.3721042037676254,0.34513424498131673,0.3550234734023465
