,Voting,RandomForest,AdaBoost
Precision,0.75,1.0,0.375
Recall,0.2727272727272727,0.09090909090909091,0.2727272727272727
Auc_Score,0.8237573237573238,0.7757512757512758,0.829049329049329
Accuracy,0.9817073170731707,0.9796747967479674,0.9735772357723578
F_Measure,0.39999999999999997,0.16666666666666669,0.3157894736842105
GMean,0.45226701686664544,0.30151134457776363,0.31980107453341566
