,Voting,RandomForest,AdaBoost
Precision,0.75,0.6666666666666666,0.5
Recall,0.5,0.3333333333333333,0.3333333333333333
Auc_Score,0.8492063492063493,0.9206349206349207,0.746031746031746
Accuracy,0.8518518518518519,0.8148148148148148,0.7777777777777778
F_Measure,0.6,0.4444444444444444,0.4
GMean,0.6123724356957945,0.4714045207910317,0.408248290463863
