,Voting,RandomForest,AdaBoost
Precision,0.9278350515463918,0.925,0.9238578680203046
Recall,0.9523809523809523,0.9788359788359788,0.9629629629629629
Auc_Score,0.6994047619047619,0.6208664021164021,0.654431216931217
Accuracy,0.8878048780487805,0.9073170731707317,0.8926829268292683
F_Measure,0.9399477806788511,0.9511568123393317,0.9430051813471502
GMean,0.9400278879076847,0.9515373247662334,0.9432077766565956
