,Voting,RandomForest,AdaBoost
Precision,0.7818181818181819,0.7839195979899497,0.7644230769230769
Recall,0.6354679802955665,0.7684729064039408,0.7832512315270936
Auc_Score,0.7537305382762216,0.7797813814677645,0.7927438783215275
Accuracy,0.6764705882352942,0.7352941176470589,0.7264705882352941
F_Measure,0.701086956521739,0.7761194029850745,0.7737226277372262
GMean,0.7048548935478507,0.7761578266398822,0.773779888862285
