,Voting,RandomForest,AdaBoost
Precision,0.6666666666666666,0.875,0.8571428571428571
Recall,0.6,0.7,0.6
Auc_Score,0.9058823529411765,0.8970588235294118,0.8735294117647059
Accuracy,0.7407407407407407,0.8518518518518519,0.8148148148148148
F_Measure,0.631578947368421,0.7777777777777777,0.7058823529411764
GMean,0.6324555320336759,0.7826237921249264,0.7171371656006361
