,Voting,RandomForest,AdaBoost
Precision,0.5,0.625,0.625
Recall,0.3,0.5,0.5
Auc_Score,0.5538461538461539,0.6974358974358974,0.6076923076923078
Accuracy,0.7959183673469388,0.8367346938775511,0.8367346938775511
F_Measure,0.37499999999999994,0.5555555555555556,0.5555555555555556
GMean,0.3872983346207417,0.5590169943749475,0.5590169943749475
