,Voting,RandomForest,AdaBoost
Precision,0.9090909090909091,0.9230769230769231,1.0
Recall,0.6666666666666666,0.8,0.7333333333333333
Auc_Score,0.9111111111111111,0.9796296296296296,0.9611111111111111
Accuracy,0.8181818181818182,0.8787878787878788,0.8787878787878788
F_Measure,0.7692307692307692,0.8571428571428571,0.846153846153846
GMean,0.7784989441615229,0.8593378488473195,0.8563488385776752
