,Voting,RandomForest,AdaBoost
Precision,0.8353909465020576,0.875,0.8199233716475096
Recall,0.8185483870967742,0.8467741935483871,0.8629032258064516
Auc_Score,0.8406227925594537,0.8942047327525311,0.883476571697669
Accuracy,0.7792207792207793,0.8233766233766234,0.7896103896103897
F_Measure,0.8268839103869653,0.8606557377049181,0.8408644400785854
GMean,0.8269267874815199,0.8607714094664383,0.8411388246352312
