,Voting,RandomForest,AdaBoost
Precision,0.3793103448275862,0.2909090909090909,0.37142857142857144
Recall,0.16666666666666666,0.24242424242424243,0.3939393939393939
Auc_Score,0.7427175798387919,0.6805683093561881,0.6951203958779716
Accuracy,0.8893939393939394,0.8651515151515151,0.8727272727272727
F_Measure,0.23157894736842105,0.2644628099173554,0.3823529411764706
GMean,0.25143267648537193,0.2655624521237169,0.3825184261187248
