,Voting,RandomForest,AdaBoost
Precision,0.6842105263157895,0.6666666666666666,0.7142857142857143
Recall,0.48148148148148145,0.37037037037037035,0.37037037037037035
Auc_Score,0.7690778026348496,0.7419835943325876,0.6634352473278647
Accuracy,0.8863636363636364,0.875,0.8806818181818182
F_Measure,0.5652173913043478,0.47619047619047616,0.4878048780487805
GMean,0.5739640213948523,0.49690399499995325,0.5143444998736397
