,Voting,RandomForest,AdaBoost
Precision,0.625,0.6666666666666666,0.75
Recall,0.5555555555555556,0.2222222222222222,0.3333333333333333
Auc_Score,0.8950617283950617,0.8364197530864197,0.8950617283950618
Accuracy,0.8444444444444444,0.8222222222222222,0.8444444444444444
F_Measure,0.5882352941176471,0.3333333333333333,0.46153846153846156
GMean,0.5892556509887896,0.3849001794597505,0.5
