,Voting,RandomForest,AdaBoost
Precision,0.3333333333333333,0.3333333333333333,0.25
Recall,0.3333333333333333,0.1111111111111111,0.1111111111111111
Auc_Score,0.7777777777777779,0.7854938271604938,0.7469135802469136
Accuracy,0.7333333333333333,0.7777777777777778,0.7555555555555555
F_Measure,0.3333333333333333,0.16666666666666666,0.15384615384615383
GMean,0.3333333333333333,0.19245008972987526,0.16666666666666666
