,Voting,RandomForest,AdaBoost
Precision,0.6875,0.8333333333333334,0.9166666666666666
Recall,0.9166666666666666,0.8333333333333334,0.9166666666666666
Auc_Score,0.8645833333333333,0.8489583333333333,0.8854166666666666
Accuracy,0.7,0.8,0.9
F_Measure,0.7857142857142857,0.8333333333333334,0.9166666666666666
GMean,0.7938566201357353,0.8333333333333334,0.9166666666666666
