,Voting,RandomForest,AdaBoost
Precision,0.6142857142857143,0.647887323943662,0.6538461538461539
Recall,0.5,0.5348837209302325,0.5930232558139535
Auc_Score,0.7889192886456909,0.7882010943912449,0.7867305061559509
Accuracy,0.7265625,0.74609375,0.7578125
F_Measure,0.5512820512820513,0.5859872611464968,0.6219512195121951
GMean,0.5542047068934521,0.5886802039940844,0.6226925203945181
