,Voting,RandomForest,AdaBoost
Precision,0.75,0.75,0.75
Recall,0.3333333333333333,0.3333333333333333,0.3333333333333333
Auc_Score,0.6051587301587301,0.558531746031746,0.5952380952380952
Accuracy,0.8923076923076924,0.8923076923076924,0.8923076923076924
F_Measure,0.46153846153846156,0.46153846153846156,0.46153846153846156
GMean,0.5,0.5,0.5
