,Voting,RandomForest,AdaBoost
Precision,0.6666666666666666,0.7142857142857143,0.6428571428571429
Recall,0.5714285714285714,0.7142857142857143,0.6428571428571429
Auc_Score,0.7402597402597403,0.7175324675324675,0.6688311688311688
Accuracy,0.6,0.68,0.6
F_Measure,0.6153846153846153,0.7142857142857143,0.6428571428571429
GMean,0.6172133998483676,0.7142857142857143,0.6428571428571429
