,Voting,RandomForest,AdaBoost
Precision,0.875,0.5454545454545454,0.6363636363636364
Recall,0.5384615384615384,0.46153846153846156,0.5384615384615384
Auc_Score,0.8885941644562334,0.7798408488063662,0.8740053050397878
Accuracy,0.8333333333333334,0.7142857142857143,0.7619047619047619
F_Measure,0.6666666666666667,0.4999999999999999,0.5833333333333334
GMean,0.6864064729836441,0.5017452060042544,0.5853694070049635
