,Voting,RandomForest,AdaBoost
Precision,0.5,0.4375,0.425
Recall,0.2597402597402597,0.18181818181818182,0.22077922077922077
Auc_Score,0.8128938922792956,0.7491893509819246,0.7548929943296141
Accuracy,0.9102564102564102,0.9055944055944056,0.9032634032634033
F_Measure,0.34188034188034183,0.2568807339449541,0.29059829059829057
GMean,0.3603749850782236,0.2820380374088831,0.30631873731649
