,Voting,RandomForest,AdaBoost
Precision,0.6666666666666666,0.5833333333333334,0.5774647887323944
Recall,0.3076923076923077,0.44871794871794873,0.5256410256410257
Auc_Score,0.7496179317371371,0.7581932416369502,0.7581932416369502
Accuracy,0.7117903930131004,0.7030567685589519,0.7074235807860262
F_Measure,0.42105263157894735,0.5072463768115941,0.5503355704697986
GMean,0.4529108136578383,0.5116171779291004,0.5509439026079461
