,Voting,RandomForest,AdaBoost
Precision,0.4375,0.42105263157894735,0.42105263157894735
Recall,0.35,0.4,0.4
Auc_Score,0.44736842105263164,0.45,0.41842105263157897
Accuracy,0.4358974358974359,0.41025641025641024,0.41025641025641024
F_Measure,0.38888888888888884,0.41025641025641024,0.41025641025641024
GMean,0.3913118960624632,0.41039134083406165,0.41039134083406165
