,Voting,RandomForest,AdaBoost
Precision,0.9230769230769231,0.9230769230769231,0.9090909090909091
Recall,1.0,1.0,0.8333333333333334
Auc_Score,0.9444444444444444,0.8611111111111112,0.8611111111111112
Accuracy,0.9444444444444444,0.9444444444444444,0.8333333333333334
F_Measure,0.9600000000000001,0.9600000000000001,0.8695652173913043
GMean,0.9607689228305228,0.9607689228305228,0.8703882797784892
