,Voting,RandomForest,AdaBoost
Precision,0.9955604883462819,0.9955604883462819,0.9955604883462819
Recall,0.9988864142538976,0.9988864142538976,0.9988864142538976
Auc_Score,0.938803401498279,0.856954849159749,0.7513666734156712
Accuracy,0.9944994499449945,0.9944994499449945,0.9944994499449945
F_Measure,0.9972206781545302,0.9972206781545302,0.9972206781545302
GMean,0.997222064726346,0.997222064726346,0.997222064726346
