,Voting,RandomForest,AdaBoost
Precision,0.920704845814978,0.9390519187358917,0.9366515837104072
Recall,0.9565217391304348,0.9519450800915332,0.9473684210526315
Auc_Score,0.9082849652204221,0.9250837286132116,0.9091639262278934
Accuracy,0.9064625850340136,0.9183673469387755,0.9132653061224489
F_Measure,0.9382716049382717,0.9454545454545454,0.9419795221843003
GMean,0.9384424331544059,0.9454765221787087,0.9419947621596285
