,Voting,RandomForest,AdaBoost
Precision,0.9090909090909091,0.6875,0.9166666666666666
Recall,0.7692307692307693,0.8461538461538461,0.8461538461538461
Auc_Score,0.8990384615384616,0.8461538461538463,0.8701923076923078
Accuracy,0.8620689655172413,0.7586206896551724,0.896551724137931
F_Measure,0.8333333333333333,0.7586206896551724,0.8799999999999999
GMean,0.8362420100070908,0.76271276980969,0.8807048459279792
